{
    "identity": {
        "company_name": "Not found",
        "website_url": "https://anothercompany.com",
        "tagline": "Not found"
    },
    "business_summary": {
        "what_they_do": "Not found",
        "primary_offerings": [],
        "target_customers": "Not found"
    },
    "evidence": {
        "key_pages_detected": [],
        "signals": [],
        "social_links": {}
    },
    "contact_location": {
        "emails": [],
        "phones": [],
        "address": "Not found",
        "contact_page_url": "Not found"
    },
    "team_hiring": {
        "careers_page_url": "Not found",
        "roles_mentioned": []
    },
    "metadata": {
        "timestamp": "2025-12-27T00:25:29.467338",
        "pages_visited": [],
        "errors": [
            "Error fetching https://anothercompany.com | HTTPSConnectionPool(host='anothercompany.com', port=443): Max retries exceeded with url: / (Caused by SSLError(SSLError(1, '[SSL: TLSV1_ALERT_INTERNAL_ERROR] tlsv1 alert internal error (_ssl.c:1007)')))"
        ]
    }
}