{
    "identity": {
        "company_name": "Example Domain",
        "website_url": "https://example.com",
        "tagline": "Not found"
    },
    "business_summary": {
        "what_they_do": "This domain is for use in documentation examples without needing permission. Avoid use in operations.Learn more Learn more",
        "primary_offerings": [],
        "target_customers": "Not found"
    },
    "evidence": {
        "key_pages_detected": [],
        "signals": [],
        "social_links": {}
    },
    "contact_location": {
        "emails": [],
        "phones": [],
        "address": "Not found",
        "contact_page_url": "Not found"
    },
    "team_hiring": {
        "careers_page_url": "Not found",
        "roles_mentioned": []
    },
    "metadata": {
        "timestamp": "2025-12-27T00:23:48.312996",
        "pages_visited": [
            "https://example.com"
        ],
        "errors": []
    }
}